"ds","y"
"2017-01-01",1.4593
"2017-01-02",1.4630
"2017-01-03",1.4656
"2017-01-04",1.4668
"2017-01-05",1.4670
"2017-01-06",1.4668
"2017-01-07",1.4637
"2017-01-08",1.4638
"2017-01-09",1.4677
"2017-01-10",1.4707
"2017-01-11",1.4721
"2017-01-12",1.4728
"2017-01-13",1.4728
"2017-01-14",1.4694
"2017-01-15",1.4694
"2017-01-16",1.4833
"2017-01-17",1.4884
"2017-01-18",1.4976
"2017-01-19",1.4976
"2017-01-20",1.4973
"2017-01-21",1.4942
"2017-01-22",1.4944
"2017-01-23",1.4981
"2017-01-24",1.4984
"2017-01-25",1.5099
"2017-01-26",1.4948
"2017-01-27",1.5027
"2017-01-28",1.4995
"2017-01-29",1.4996
"2017-01-30",1.4904
"2017-01-31",1.4905
"2017-02-01",1.4908
"2017-02-02",1.4909
"2017-02-03",1.4898
"2017-02-04",1.4872
"2017-02-05",1.4872
"2017-02-06",1.4933
"2017-02-07",1.4961
"2017-02-08",1.4951
"2017-02-09",1.4953
"2017-02-10",1.4941
"2017-02-11",1.4907
"2017-02-12",1.4908
"2017-02-13",1.4945
"2017-02-14",1.4961
"2017-02-15",1.4959
"2017-02-16",1.4976
"2017-02-17",1.4975
"2017-02-18",1.4941
"2017-02-19",1.4940
"2017-02-20",1.4976
"2017-02-21",1.5006
"2017-02-22",1.5004
"2017-02-23",1.5002
"2017-02-24",1.4986
"2017-02-25",1.4953
"2017-02-26",1.4955
"2017-02-27",1.4983
"2017-02-28",1.4979
"2017-03-01",1.4973
"2017-03-02",1.4990
"2017-03-03",1.4987
"2017-03-04",1.4951
"2017-03-05",1.4951
"2017-03-06",1.4923
"2017-03-07",1.4870
"2017-03-08",1.4864
"2017-03-09",1.4864
"2017-03-10",1.4860
"2017-03-11",1.4826
"2017-03-12",1.4826
"2017-03-13",1.4823
"2017-03-14",1.4722
"2017-03-15",1.4706
"2017-03-16",1.4696
"2017-03-17",1.4693
"2017-03-18",1.4658
"2017-03-19",1.4655
"2017-03-20",1.4598
"2017-03-21",1.4533
"2017-03-22",1.4477
"2017-03-23",1.4478
"2017-03-24",1.4473
"2017-03-25",1.4439
"2017-03-26",1.4440
"2017-03-27",1.4482
"2017-03-28",1.4514
"2017-03-29",1.4513
"2017-03-30",1.4514
"2017-03-31",1.4512
"2017-04-01",1.4479
"2017-04-02",1.4483
"2017-04-03",1.4614
"2017-04-04",1.4669
"2017-04-05",1.4673
"2017-04-06",1.4660
"2017-04-07",1.4659
"2017-04-08",1.4626
"2017-04-09",1.4630
"2017-04-10",1.4789
"2017-04-11",1.4840
"2017-04-12",1.4845
"2017-04-13",1.4848
"2017-04-14",1.4852
"2017-04-15",1.4810
"2017-04-16",1.4811
"2017-04-17",1.4912
"2017-04-18",1.4959
"2017-04-19",1.4960
"2017-04-20",1.4965
"2017-04-21",1.4964
"2017-04-22",1.4920
"2017-04-23",1.4919
"2017-04-24",1.4892
"2017-04-25",1.4854
"2017-04-26",1.4836
"2017-04-27",1.4820
"2017-04-28",1.4820
"2017-04-29",1.4776
"2017-04-30",1.4776
"2017-05-01",1.4714
"2017-05-02",1.4637
"2017-05-03",1.4595
"2017-05-04",1.4584
"2017-05-05",1.4581
"2017-05-06",1.4538
"2017-05-07",1.4537
"2017-05-08",1.4459
"2017-05-09",1.4377
"2017-05-10",1.4347
"2017-05-11",1.4346
"2017-05-12",1.4339
"2017-05-13",1.4294
"2017-05-14",1.4296
"2017-05-15",1.4357
"2017-05-16",1.4425
"2017-05-17",1.4425
"2017-05-18",1.4426
"2017-05-19",1.4424
"2017-05-20",1.4382
"2017-05-21",1.4384
"2017-05-22",1.4492
"2017-05-23",1.4529
"2017-05-24",1.4530
"2017-05-25",1.4532
"2017-05-26",1.4534
"2017-05-27",1.4494
"2017-05-28",1.4494
"2017-05-29",1.4542
"2017-05-30",1.4545
"2017-05-31",1.4544
"2017-06-01",1.4542
"2017-06-02",1.4538
"2017-06-03",1.4498
"2017-06-04",1.4499
"2017-06-05",1.4528
"2017-06-06",1.4468
"2017-06-07",1.4461
"2017-06-08",1.4460
"2017-06-09",1.4456
"2017-06-10",1.4415
"2017-06-11",1.4415
"2017-06-12",1.4372
"2017-06-13",1.4363
"2017-06-14",1.4357
"2017-06-15",1.4356
"2017-06-16",1.4341
"2017-06-17",1.4299
"2017-06-18",1.4297
"2017-06-19",1.4275
"2017-06-20",1.4223
"2017-06-21",1.4218
"2017-06-22",1.4218
"2017-06-23",1.4214
"2017-06-24",1.4173
"2017-06-25",1.4173
"2017-06-26",1.4196
"2017-06-27",1.4151
"2017-06-28",1.4145
"2017-06-29",1.4144
"2017-06-30",1.4135
"2017-07-01",1.4093
"2017-07-02",1.4094
"2017-07-03",1.4136
"2017-07-04",1.4140
"2017-07-05",1.4134
"2017-07-06",1.4135
"2017-07-07",1.4132
"2017-07-08",1.4086
"2017-07-09",1.4090
"2017-07-10",1.4201
"2017-07-11",1.4218
"2017-07-12",1.4217
"2017-07-13",1.4218
"2017-07-14",1.4214
"2017-07-15",1.4172
"2017-07-16",1.4174
"2017-07-17",1.4209
"2017-07-18",1.4201
"2017-07-19",1.4198
"2017-07-20",1.4199
"2017-07-21",1.4195
"2017-07-22",1.4155
"2017-07-23",1.4158
"2017-07-24",1.4248
"2017-07-25",1.4243
"2017-07-26",1.4239
"2017-07-27",1.4240
"2017-07-28",1.4237
"2017-07-29",1.4196
"2017-07-30",1.4197
"2017-07-31",1.4240
"2017-08-01",1.4256
"2017-08-02",1.4255
"2017-08-03",1.4257
"2017-08-04",1.4254
"2017-08-05",1.4204
"2017-08-06",1.4206
"2017-08-07",1.4321
"2017-08-08",1.4370
"2017-08-09",1.4367
"2017-08-10",1.4369
"2017-08-11",1.4369
"2017-08-12",1.4328
"2017-08-13",1.4329
"2017-08-14",1.4375
"2017-08-15",1.4377
"2017-08-16",1.4375
"2017-08-17",1.4376
"2017-08-18",1.4374
"2017-08-19",1.4359
"2017-08-20",1.4362
"2017-08-21",1.4364
"2017-08-22",1.4334
"2017-08-23",1.4332
"2017-08-24",1.4332
"2017-08-25",1.4312
"2017-08-26",1.4298
"2017-08-27",1.4300
"2017-08-28",1.4347
"2017-08-29",1.4366
"2017-08-30",1.4363
"2017-08-31",1.4364
"2017-09-01",1.4363
"2017-09-02",1.4330
"2017-09-03",1.4339
"2017-09-04",1.4576
"2017-09-05",1.4638
"2017-09-06",1.4646
"2017-09-07",1.4651
"2017-09-08",1.4606
"2017-09-09",1.4629
"2017-09-10",1.4632
"2017-09-11",1.4705
"2017-09-12",1.4669
"2017-09-13",1.4669
"2017-09-14",1.4670
"2017-09-15",1.4668
"2017-09-16",1.4625
"2017-09-17",1.4623
"2017-09-18",1.4615
"2017-09-19",1.4635
"2017-09-20",1.4630
"2017-09-21",1.4632
"2017-09-22",1.4627
"2017-09-23",1.4586
"2017-09-24",1.4586
"2017-09-25",1.4579
"2017-09-26",1.4545
"2017-09-27",1.4534
"2017-09-28",1.4535
"2017-09-29",1.4532
"2017-09-30",1.4492
"2017-10-01",1.4494
"2017-10-02",1.4520
"2017-10-03",1.4520
"2017-10-04",1.4516
"2017-10-05",1.4517
"2017-10-06",1.4514
"2017-10-07",1.4474
"2017-10-08",1.4474
"2017-10-09",1.4457
"2017-10-10",1.4456
"2017-10-11",1.4454
"2017-10-12",1.4454
"2017-10-13",1.4450
"2017-10-14",1.4408
"2017-10-15",1.4407
"2017-10-16",1.4464
"2017-10-17",1.4476
"2017-10-18",1.4462
"2017-10-19",1.4462
"2017-10-20",1.4457
"2017-10-21",1.4417
"2017-10-22",1.4417
"2017-10-23",1.4472
"2017-10-24",1.4471
"2017-10-25",1.4476
"2017-10-26",1.4475
"2017-10-27",1.4471
"2017-10-28",1.4429
"2017-10-29",1.4431
"2017-10-30",1.4553
"2017-10-31",1.4592
"2017-11-01",1.4594
"2017-11-02",1.4597
"2017-11-03",1.4596
"2017-11-04",1.4555
"2017-11-05",1.4561
"2017-11-06",1.4809
"2017-11-07",1.4861
"2017-11-08",1.4869
"2017-11-09",1.4873
"2017-11-10",1.4874
"2017-11-11",1.4831
"2017-11-12",1.4838
"2017-11-13",1.5110
"2017-11-14",1.5163
"2017-11-15",1.5167
"2017-11-16",1.5176
"2017-11-17",1.5175
"2017-11-18",1.5134
"2017-11-19",1.5131
"2017-11-20",1.5030
"2017-11-21",1.4958
"2017-11-22",1.4952
"2017-11-23",1.4950
"2017-11-24",1.4946
"2017-11-25",1.4903
"2017-11-26",1.4904
"2017-11-27",1.4930
"2017-11-28",1.4900
"2017-11-29",1.4897
"2017-11-30",1.4898
"2017-12-01",1.4892
"2017-12-02",1.4851
"2017-12-03",1.4852
"2017-12-04",1.4896
"2017-12-05",1.4896
"2017-12-06",1.4893
"2017-12-07",1.4895
"2017-12-08",1.4891
"2017-12-09",1.4851
"2017-12-10",1.4852
"2017-12-11",1.4849
"2017-12-12",1.4778
"2017-12-13",1.4770
"2017-12-14",1.4769
"2017-12-15",1.4765
"2017-12-16",1.4721
"2017-12-17",1.4721
"2017-12-18",1.4817
"2017-12-19",1.4839
"2017-12-20",1.4842
"2017-12-21",1.4844
"2017-12-22",1.4843
"2017-12-23",1.4796
"2017-12-24",1.4799
"2017-12-25",1.4850
"2017-12-26",1.4888
"2017-12-27",1.4891
"2017-12-28",1.4896
"2017-12-29",1.4893
"2017-12-30",1.4852
"2017-12-31",1.4855
"2018-01-01",1.5095
"2018-01-02",1.5171
"2018-01-03",1.5220
"2018-01-04",1.5228
"2018-01-05",1.5226
"2018-01-06",1.5185
"2018-01-07",1.5186
"2018-01-08",1.5227
"2018-01-09",1.5228
"2018-01-10",1.5225
"2018-01-11",1.5227
"2018-01-12",1.5225
"2018-01-13",1.5184
"2018-01-14",1.5187
"2018-01-15",1.5335
"2018-01-16",1.5343
"2018-01-17",1.5341
"2018-01-18",1.5332
"2018-01-19",1.5255
"2018-01-20",1.5218
"2018-01-21",1.5250
"2018-01-22",1.5173
"2018-01-23",1.5127
"2018-01-24",1.5115
"2018-01-25",1.5116
"2018-01-26",1.5087
"2018-01-27",1.5055
"2018-01-28",1.5061
"2018-01-29",1.5171
"2018-01-30",1.5190
"2018-01-31",1.5160
"2018-02-01",1.5188
"2018-02-02",1.5149
"2018-02-03",1.5116
"2018-02-04",1.5117
"2018-02-05",1.5162
"2018-02-06",1.5149
"2018-02-07",1.5140
"2018-02-08",1.5140
"2018-02-09",1.5136
"2018-02-10",1.5099
"2018-02-11",1.5099
"2018-02-12",1.5049
"2018-02-13",1.5025
"2018-02-14",1.5007
"2018-02-15",1.4986
"2018-02-16",1.4981
"2018-02-17",1.4946
"2018-02-18",1.4943
"2018-02-19",1.4856
"2018-02-20",1.4648
"2018-02-21",1.4625
"2018-02-22",1.4601
"2018-02-23",1.4596
"2018-02-24",1.4553
"2018-02-25",1.4555
"2018-02-26",1.4657
"2018-02-27",1.4674
"2018-02-28",1.4673
"2018-03-01",1.4672
"2018-03-02",1.4635
"2018-03-03",1.4596
"2018-03-04",1.4599
"2018-03-05",1.4630
"2018-03-06",1.4654
"2018-03-07",1.4652
"2018-03-08",1.4654
"2018-03-09",1.4650
"2018-03-10",1.4612
"2018-03-11",1.4613
"2018-03-12",1.4596
"2018-03-13",1.4511
"2018-03-14",1.4489
"2018-03-15",1.4488
"2018-03-16",1.4484
"2018-03-17",1.4441
"2018-03-18",1.4443
"2018-03-19",1.4567
"2018-03-20",1.4609
"2018-03-21",1.4615
"2018-03-22",1.4616
"2018-03-23",1.4613
"2018-03-24",1.4579
"2018-03-25",1.4586
"2018-03-26",1.4905
"2018-03-27",1.4948
"2018-03-28",1.4954
"2018-03-29",1.4957
"2018-03-30",1.4950
"2018-03-31",1.4916
"2018-04-01",1.4925
"2018-04-02",1.5048
"2018-04-03",1.5084
"2018-04-04",1.5102
"2018-04-05",1.5106
"2018-04-06",1.5102
"2018-04-07",1.5069
"2018-04-08",1.5070
"2018-04-09",1.5086
"2018-04-10",1.5059
"2018-04-11",1.5058
"2018-04-12",1.5058
"2018-04-13",1.5021
"2018-04-14",1.4987
"2018-04-15",1.4987
"2018-04-16",1.5139
"2018-04-17",1.5161
"2018-04-18",1.5157
"2018-04-19",1.5159
"2018-04-20",1.5142
"2018-04-21",1.5108
"2018-04-22",1.5112
"2018-04-23",1.5210
"2018-04-24",1.5236
"2018-04-25",1.5238
"2018-04-26",1.5241
"2018-04-27",1.5239
"2018-04-28",1.5207
"2018-04-29",1.5211
"2018-04-30",1.5403
"2018-05-01",1.5429
"2018-05-02",1.5445
"2018-05-03",1.5448
"2018-05-04",1.5449
"2018-05-05",1.5414
"2018-05-06",1.5416
"2018-05-07",1.5470
"2018-05-08",1.5482
"2018-05-09",1.5480
"2018-05-10",1.5481
"2018-05-11",1.5479
"2018-05-12",1.5446
"2018-05-13",1.5450
"2018-05-14",1.5644
"2018-05-15",1.5690
"2018-05-16",1.5699
"2018-05-17",1.5701
"2018-05-18",1.5698
"2018-05-19",1.5663
"2018-05-20",1.5666
"2018-05-21",1.5780
"2018-05-22",1.5887
"2018-05-23",1.5910
"2018-05-24",1.5912
"2018-05-25",1.5911
"2018-05-26",1.5877
"2018-05-27",1.5881
"2018-05-28",1.6014
"2018-05-29",1.6026
"2018-05-30",1.6028
"2018-05-31",1.6028
"2018-06-01",1.6025
"2018-06-02",1.5991
"2018-06-03",1.5994
"2018-06-04",1.5986
"2018-06-05",1.5928
"2018-06-06",1.5924
"2018-06-07",1.5921
"2018-06-08",1.5917
"2018-06-09",1.5877
"2018-06-10",1.5879
"2018-06-11",1.5826
"2018-06-12",1.5786
"2018-06-13",1.5772
"2018-06-14",1.5771
"2018-06-15",1.5769
"2018-06-16",1.5758
"2018-06-17",1.5761
"2018-06-18",1.5770
"2018-06-19",1.5773
"2018-06-20",1.5771
"2018-06-21",1.5773
"2018-06-22",1.5765
"2018-06-23",1.5731
"2018-06-24",1.5733
"2018-06-25",1.5728
"2018-06-26",1.5673
"2018-06-27",1.5666
"2018-06-28",1.5666
"2018-06-29",1.5662
"2018-06-30",1.5626
"2018-07-01",1.5630
"2018-07-02",1.5740
"2018-07-03",1.5769
"2018-07-04",1.5773
"2018-07-05",1.5774
"2018-07-06",1.5769
"2018-07-07",1.5737
"2018-07-08",1.5742
"2018-07-09",1.5794
"2018-07-10",1.5814
"2018-07-11",1.5813
"2018-07-12",1.5815
"2018-07-13",1.5812
"2018-07-14",1.5779
"2018-07-15",1.5780
"2018-07-16",1.5812
"2018-07-17",1.5806
"2018-07-18",1.5803
"2018-07-19",1.5804
"2018-07-20",1.5800
"2018-07-21",1.5766
"2018-07-22",1.5767
"2018-07-23",1.5721
"2018-07-24",1.5696
"2018-07-25",1.5668
"2018-07-26",1.5658
"2018-07-27",1.5653
"2018-07-28",1.5616
"2018-07-29",1.5620
"2018-07-30",1.5852
"2018-07-31",1.5887
"2018-08-01",1.5899
"2018-08-02",1.5924
"2018-08-03",1.5921
"2018-08-04",1.5887
"2018-08-05",1.5889
"2018-08-06",1.5970
"2018-08-07",1.5995
"2018-08-08",1.6006
"2018-08-09",1.6006
"2018-08-10",1.6002
"2018-08-11",1.5967
"2018-08-12",1.5970
"2018-08-13",1.5964
"2018-08-14",1.5930
"2018-08-15",1.5928
"2018-08-16",1.5928
"2018-08-17",1.5924
"2018-08-18",1.5890
"2018-08-19",1.5891
"2018-08-20",1.5918
"2018-08-21",1.5928
"2018-08-22",1.5926
"2018-08-23",1.5928
"2018-08-24",1.5924
"2018-08-25",1.5890
"2018-08-26",1.5893
"2018-08-27",1.5951
"2018-08-28",1.5963
"2018-08-29",1.5963
"2018-08-30",1.5962
"2018-08-31",1.5959
"2018-09-01",1.5925
"2018-09-02",1.5947
"2018-09-03",1.6060
"2018-09-04",1.6072
"2018-09-05",1.6071
"2018-09-06",1.6072
"2018-09-07",1.6068
"2018-09-08",1.6029
"2018-09-09",1.6030
"2018-09-10",1.6038
"2018-09-11",1.5996
"2018-09-12",1.5993
"2018-09-13",1.5992
"2018-09-14",1.5988
"2018-09-15",1.5948
"2018-09-16",1.5949
"2018-09-17",1.5963
"2018-09-18",1.5915
"2018-09-19",1.5911
"2018-09-20",1.5902
"2018-09-21",1.5896
"2018-09-22",1.5862
"2018-09-23",1.5864
"2018-09-24",1.5867
"2018-09-25",1.5812
"2018-09-26",1.5805
"2018-09-27",1.5804
"2018-09-28",1.5799
"2018-09-29",1.5754
"2018-09-30",1.5757
"2018-10-01",1.5872
"2018-10-02",1.5886
"2018-10-03",1.5886
"2018-10-04",1.5885
"2018-10-05",1.5881
"2018-10-06",1.5845
"2018-10-07",1.5849
"2018-10-08",1.6050
"2018-10-09",1.6077
"2018-10-10",1.6081
"2018-10-11",1.6082
"2018-10-12",1.6078
"2018-10-13",1.6041
"2018-10-14",1.6044
"2018-10-15",1.5975
"2018-10-16",1.5853
"2018-10-17",1.5836
"2018-10-18",1.5831
"2018-10-19",1.5825
"2018-10-20",1.5786
"2018-10-21",1.5787
"2018-10-22",1.5736
"2018-10-23",1.5673
"2018-10-24",1.5654
"2018-10-25",1.5649
"2018-10-26",1.5642
"2018-10-27",1.5604
"2018-10-28",1.5606
"2018-10-29",1.5616
"2018-10-30",1.5563
"2018-10-31",1.5560
"2018-11-01",1.5559
"2018-11-02",1.5553
"2018-11-03",1.5516
"2018-11-04",1.5517
"2018-11-05",1.5533
"2018-11-06",1.5507
"2018-11-07",1.5492
"2018-11-08",1.5489
"2018-11-09",1.5483
"2018-11-10",1.5445
"2018-11-11",1.5446
"2018-11-12",1.5317
"2018-11-13",1.5206
"2018-11-14",1.5184
"2018-11-15",1.5169
"2018-11-16",1.5161
"2018-11-17",1.5119
"2018-11-18",1.5117
"2018-11-19",1.5107
"2018-11-20",1.5041
"2018-11-21",1.5036
"2018-11-22",1.5032
"2018-11-23",1.5025
"2018-11-24",1.4988
"2018-11-25",1.4989
"2018-11-26",1.4814
"2018-11-27",1.4670
"2018-11-28",1.4644
"2018-11-29",1.4636
"2018-11-30",1.4629
"2018-12-01",1.4589
"2018-12-02",1.4590
"2018-12-03",1.4483
"2018-12-04",1.4383
"2018-12-05",1.4374
"2018-12-06",1.4360
"2018-12-07",1.4353
"2018-12-08",1.4309
"2018-12-09",1.4312
"2018-12-10",1.4351
"2018-12-11",1.4363
"2018-12-12",1.4358
"2018-12-13",1.4358
"2018-12-14",1.4354
"2018-12-15",1.4312
"2018-12-16",1.4314
"2018-12-17",1.4350
"2018-12-18",1.4352
"2018-12-19",1.4350
"2018-12-20",1.4346
"2018-12-21",1.4341
"2018-12-22",1.4296
"2018-12-23",1.4298
"2018-12-24",1.4210
"2018-12-25",1.4168
"2018-12-26",1.4130
"2018-12-27",1.4122
"2018-12-28",1.4103
"2018-12-29",1.4064
"2018-12-30",1.4064
"2018-12-31",1.4071
"2019-01-01",1.4071
"2019-01-02",1.4018
"2019-01-03",1.3937
"2019-01-04",1.3927
"2019-01-05",1.3893
"2019-01-06",1.3897
"2019-01-07",1.4027
"2019-01-08",1.4111
"2019-01-09",1.4112
"2019-01-10",1.4113
"2019-01-11",1.4106
"2019-01-12",1.4063
"2019-01-13",1.4067
"2019-01-14",1.4183
"2019-01-15",1.4186
"2019-01-16",1.4109
"2019-01-17",1.4104
"2019-01-18",1.4104
"2019-01-19",1.4064
"2019-01-20",1.4065
"2019-01-21",1.4112
"2019-01-22",1.4117
"2019-01-23",1.4123
"2019-01-24",1.4126
"2019-01-25",1.4123
"2019-01-26",1.4082
"2019-01-27",1.4084
"2019-01-28",1.4128
"2019-01-29",1.4126
"2019-01-30",1.4129
"2019-01-31",1.4128
"2019-02-01",1.4124
"2019-02-02",1.4105
"2019-02-03",1.4108
"2019-02-04",1.4121
"2019-02-05",1.4126
"2019-02-06",1.4126
"2019-02-07",1.4125
"2019-02-08",1.4123
"2019-02-09",1.4079
"2019-02-10",1.4082
"2019-02-11",1.4152
"2019-02-12",1.4178
"2019-02-13",1.4181
"2019-02-14",1.4181
"2019-02-15",1.4178
"2019-02-16",1.4141
"2019-02-17",1.4143
"2019-02-18",1.4260
"2019-02-19",1.4328
"2019-02-20",1.4358
"2019-02-21",1.4359
"2019-02-22",1.4353
"2019-02-23",1.4309
"2019-02-24",1.4316
"2019-02-25",1.4517
"2019-02-26",1.4588
"2019-02-27",1.4591
"2019-02-28",1.4592
"2019-03-01",1.4585
"2019-03-02",1.4553
"2019-03-03",1.4553
"2019-03-04",1.4548
"2019-03-05",1.4523
"2019-03-06",1.4520
"2019-03-07",1.4516
"2019-03-08",1.4510
"2019-03-09",1.4465
"2019-03-10",1.4466
"2019-03-11",1.4575
"2019-03-12",1.4626
"2019-03-13",1.4628
"2019-03-14",1.4624
"2019-03-15",1.4618
"2019-03-16",1.4576
"2019-03-17",1.4580
"2019-03-18",1.4705
"2019-03-19",1.4756
"2019-03-20",1.4760
"2019-03-21",1.4755
"2019-03-22",1.4749
"2019-03-23",1.4694
"2019-03-24",1.4699
"2019-03-25",1.4858
"2019-03-26",1.4933
"2019-03-27",1.4783
"2019-03-28",1.4784
"2019-03-29",1.4786
"2019-03-30",1.4742
"2019-03-31",1.4747
"2019-04-01",1.5043
"2019-04-02",1.5130
"2019-04-03",1.5138
"2019-04-04",1.5142
"2019-04-05",1.5137
"2019-04-06",1.5093
"2019-04-07",1.5097
"2019-04-08",1.5261
"2019-04-09",1.5288
"2019-04-10",1.5300
"2019-04-11",1.5299
"2019-04-12",1.5295
"2019-04-13",1.5253
"2019-04-14",1.5257
"2019-04-15",1.5458
"2019-04-16",1.5494
"2019-04-17",1.5503
"2019-04-18",1.5510
"2019-04-19",1.5504
"2019-04-20",1.5465
"2019-04-21",1.5466
"2019-04-22",1.5505
"2019-04-23",1.5512
"2019-04-24",1.5512
"2019-04-25",1.5510
"2019-04-26",1.5505
"2019-04-27",1.5460
"2019-04-28",1.5465
"2019-04-29",1.5644
"2019-04-30",1.5722
"2019-05-01",1.5722
"2019-05-02",1.5724
"2019-05-03",1.5720
"2019-05-04",1.5674
"2019-05-05",1.5678
"2019-05-06",1.5730
"2019-05-07",1.5740
"2019-05-08",1.5738
"2019-05-09",1.5738
"2019-05-10",1.5733
"2019-05-11",1.5690
"2019-05-12",1.5692
"2019-05-13",1.5626
"2019-05-14",1.5606
"2019-05-15",1.5597
"2019-05-16",1.5594
"2019-05-17",1.5588
"2019-05-18",1.5541
"2019-05-19",1.5544
"2019-05-20",1.5713
"2019-05-21",1.5793
"2019-05-22",1.5796
"2019-05-23",1.5796
"2019-05-24",1.5790
"2019-05-25",1.5743
"2019-05-26",1.5749
"2019-05-27",1.5805
"2019-05-28",1.5813
"2019-05-29",1.5812
"2019-05-30",1.5808
"2019-05-31",1.5796
"2019-06-01",1.5745
"2019-06-02",1.5747
"2019-06-03",1.5704
"2019-06-04",1.5658
"2019-06-05",1.5650
"2019-06-06",1.5646
"2019-06-07",1.5637
"2019-06-08",1.5588
"2019-06-09",1.5589
"2019-06-10",1.5240
"2019-06-11",1.5052
"2019-06-12",1.4979
"2019-06-13",1.4945
"2019-06-14",1.4930
"2019-06-15",1.4882
"2019-06-16",1.4883
"2019-06-17",1.4915
"2019-06-18",1.4889
"2019-06-19",1.4886
"2019-06-20",1.4883
"2019-06-21",1.4877
"2019-06-22",1.4831
"2019-06-23",1.4833
"2019-06-24",1.4875
"2019-06-25",1.4874
"2019-06-26",1.4866
"2019-06-27",1.4866
"2019-06-28",1.4861
"2019-06-29",1.4815
"2019-06-30",1.4818
"2019-07-01",1.4968
"2019-07-02",1.5043
"2019-07-03",1.5043
"2019-07-04",1.5043
"2019-07-05",1.5036
"2019-07-06",1.4989
"2019-07-07",1.4992
"2019-07-08",1.5061
"2019-07-09",1.5083
"2019-07-10",1.5084
"2019-07-11",1.5080
"2019-07-12",1.5074
"2019-07-13",1.5028
"2019-07-14",1.5034
"2019-07-15",1.5207
"2019-07-16",1.5286
"2019-07-17",1.5287
"2019-07-18",1.5290
"2019-07-19",1.5287
"2019-07-20",1.5237
"2019-07-21",1.5239
"2019-07-22",1.5249
"2019-07-23",1.5186
"2019-07-24",1.5183
"2019-07-25",1.5179
"2019-07-26",1.5161
"2019-07-27",1.5152
"2019-07-28",1.5152
"2019-07-29",1.5164
"2019-07-30",1.5174
"2019-07-31",1.5175
"2019-08-01",1.5175
"2019-08-02",1.5160
"2019-08-03",1.5112
"2019-08-04",1.5116
"2019-08-05",1.5199
"2019-08-06",1.5232
"2019-08-07",1.5235
"2019-08-08",1.5240
"2019-08-09",1.5240
"2019-08-10",1.5196
"2019-08-11",1.5194
"2019-08-12",1.5054
"2019-08-13",1.4926
"2019-08-14",1.4906
"2019-08-15",1.4903
"2019-08-16",1.4892
"2019-08-17",1.4842
"2019-08-18",1.4841
"2019-08-19",1.4887
"2019-08-20",1.4882
"2019-08-21",1.4873
"2019-08-22",1.4873
"2019-08-23",1.4867
"2019-08-24",1.4821
"2019-08-25",1.4819
"2019-08-26",1.4869
"2019-08-27",1.4866
"2019-08-28",1.4868
"2019-08-29",1.4859
"2019-08-30",1.4847
"2019-08-31",1.4801
"2019-09-01",1.4799
"2019-09-02",1.4821
"2019-09-03",1.4849
"2019-09-04",1.4836
"2019-09-05",1.4830
"2019-09-06",1.4828
"2019-09-07",1.4772
"2019-09-08",1.4771
"2019-09-09",1.4796
"2019-09-10",1.4784
"2019-09-11",1.4788
"2019-09-12",1.4789
"2019-09-13",1.4782
"2019-09-14",1.4734
"2019-09-15",1.4733
"2019-09-16",1.4771
"2019-09-17",1.4763
"2019-09-18",1.4760
"2019-09-19",1.4759
"2019-09-20",1.4753
"2019-09-21",1.4706
"2019-09-22",1.4713
"2019-09-23",1.5016
"2019-09-24",1.5077
"2019-09-25",1.5078
"2019-09-26",1.5079
"2019-09-27",1.5073
"2019-09-28",1.5025
"2019-09-29",1.5026
"2019-09-30",1.4995
"2019-10-01",1.4947
"2019-10-02",1.4942
"2019-10-03",1.4941
"2019-10-04",1.4935
"2019-10-05",1.4924
"2019-10-06",1.4924
"2019-10-07",1.4932
"2019-10-08",1.4936
"2019-10-09",1.4934
"2019-10-10",1.4933
"2019-10-11",1.4926
"2019-10-12",1.4879
"2019-10-13",1.4881
"2019-10-14",1.4870
"2019-10-15",1.4839
"2019-10-16",1.4835
"2019-10-17",1.4833
"2019-10-18",1.4825
"2019-10-19",1.4776
"2019-10-20",1.4777
"2019-10-21",1.4752
"2019-10-22",1.4701
"2019-10-23",1.4698
"2019-10-24",1.4696
"2019-10-25",1.4684
"2019-10-26",1.4636
"2019-10-27",1.4641
"2019-10-28",1.4737
"2019-10-29",1.4760
"2019-10-30",1.4762
"2019-10-31",1.4764
"2019-11-01",1.4756
"2019-11-02",1.4711
"2019-11-03",1.4716
"2019-11-04",1.4821
"2019-11-05",1.4902
"2019-11-06",1.4905
"2019-11-07",1.4905
"2019-11-08",1.4897
"2019-11-09",1.4852
"2019-11-10",1.4857
"2019-11-11",1.4965
"2019-11-12",1.4994
"2019-11-13",1.4997
"2019-11-14",1.5002
"2019-11-15",1.4996
"2019-11-16",1.4951
"2019-11-17",1.4954
"2019-11-18",1.4950
"2019-11-19",1.4894
"2019-11-20",1.4891
"2019-11-21",1.4891
"2019-11-22",1.4884
"2019-11-23",1.4837
"2019-11-24",1.4841
"2019-11-25",1.4869
"2019-11-26",1.4852
"2019-11-27",1.4845
"2019-11-28",1.4844
"2019-11-29",1.4837
"2019-11-30",1.4789
"2019-12-01",1.4794
"2019-12-02",1.4899
"2019-12-03",1.4947
"2019-12-04",1.4947
"2019-12-05",1.4949
"2019-12-06",1.4941
"2019-12-07",1.4893
"2019-12-08",1.4896
"2019-12-09",1.4854
"2019-12-10",1.4801
"2019-12-11",1.4796
"2019-12-12",1.4794
"2019-12-13",1.4786
"2019-12-14",1.4735
"2019-12-15",1.4737
"2019-12-16",1.4811
"2019-12-17",1.4840
"2019-12-18",1.4838
"2019-12-19",1.4839
"2019-12-20",1.4827
"2019-12-21",1.4782
"2019-12-22",1.4787
"2019-12-23",1.4896
"2019-12-24",1.4932
"2019-12-25",1.4933
"2019-12-26",1.4935
"2019-12-27",1.4930
"2019-12-28",1.4881
"2019-12-29",1.4885
"2019-12-30",1.4983
"2019-12-31",1.5025
"2020-01-01",1.5103
"2020-01-02",1.5161
"2020-01-03",1.5246
"2020-01-04",1.5267
"2020-01-05",1.5273
"2020-01-06",1.5338
"2020-01-07",1.5337
"2020-01-08",1.5343
"2020-01-09",1.5344
"2020-01-10",1.5374
"2020-01-11",1.5332
"2020-01-12",1.5337
"2020-01-13",1.5353
"2020-01-14",1.5339
"2020-01-15",1.5334
"2020-01-16",1.5336
"2020-01-17",1.5329
"2020-01-18",1.5287
"2020-01-19",1.5290
"2020-01-20",1.5304
"2020-01-21",1.5280
"2020-01-22",1.5274
"2020-01-23",1.5263
"2020-01-24",1.5254
"2020-01-25",1.5211
"2020-01-26",1.5214
"2020-01-27",1.5217
"2020-01-28",1.5250
"2020-01-29",1.5241
"2020-01-30",1.5237
"2020-01-31",1.5226
"2020-02-01",1.5187
"2020-02-02",1.5189
"2020-02-03",1.5095
"2020-02-04",1.5002
"2020-02-05",1.4995
"2020-02-06",1.4989
"2020-02-07",1.4981
"2020-02-08",1.4941
"2020-02-09",1.4944
"2020-02-10",1.4969
"2020-02-11",1.4944
"2020-02-12",1.4952
"2020-02-13",1.4948
"2020-02-14",1.4941
"2020-02-15",1.4911
"2020-02-16",1.4916
"2020-02-17",1.4999
"2020-02-18",1.5002
"2020-02-19",1.5003
"2020-02-20",1.5003
"2020-02-21",1.4994
"2020-02-22",1.4956
"2020-02-23",1.4961
"2020-02-24",1.5082
"2020-02-25",1.5137
"2020-02-26",1.5143
"2020-02-27",1.5145
"2020-02-28",1.5142
"2020-02-29",1.5105
"2020-03-01",1.5108
"2020-03-02",1.4966
"2020-03-03",1.4848
"2020-03-04",1.4824
"2020-03-05",1.4804
"2020-03-06",1.4793
"2020-03-07",1.4754
"2020-03-08",1.4756
"2020-03-09",1.4663
"2020-03-10",1.4585
"2020-03-11",1.4578
"2020-03-12",1.4574
"2020-03-13",1.4563
"2020-03-14",1.4525
"2020-03-15",1.4524
"2020-03-16",1.3971
"2020-03-17",1.3677
"2020-03-18",1.3606
"2020-03-19",1.3557
"2020-03-20",1.3541
"2020-03-21",1.3495
"2020-03-22",1.3497
"2020-03-23",1.3168
"2020-03-24",1.3027
"2020-03-25",1.2754
"2020-03-26",1.2745
"2020-03-27",1.2734
"2020-03-28",1.2683
"2020-03-29",1.2673
"2020-03-30",1.2604
"2020-03-31",1.2565
"2020-04-01",1.2626
"2020-04-02",1.2622
"2020-04-03",1.2615
"2020-04-04",1.2576
"2020-04-05",1.2577
"2020-04-06",1.2602
"2020-04-07",1.2582
"2020-04-08",1.2577
"2020-04-09",1.2572
"2020-04-10",1.2566
"2020-04-11",1.2529
"2020-04-12",1.2532
"2020-04-13",1.2583
"2020-04-14",1.2592
"2020-04-15",1.2577
"2020-04-16",1.2577
"2020-04-17",1.2572
"2020-04-18",1.2534
"2020-04-19",1.2537
"2020-04-20",1.2578
"2020-04-21",1.2577
"2020-04-22",1.2561
"2020-04-23",1.2561
"2020-04-24",1.2555
"2020-04-25",1.2516
"2020-04-26",1.2506
"2020-04-27",1.2454
"2020-04-28",1.2387
"2020-04-29",1.2347
"2020-04-30",1.2344
"2020-05-01",1.2337
"2020-05-02",1.2299
"2020-05-03",1.2316
"2020-05-04",1.2372
"2020-05-05",1.2386
"2020-05-06",1.2381
"2020-05-07",1.2380
"2020-05-08",1.2374
"2020-05-09",1.2335
"2020-05-10",1.2370
"2020-05-11",1.2601
"2020-05-12",1.2704
"2020-05-13",1.2708
"2020-05-14",1.2706
"2020-05-15",1.2701
"2020-05-16",1.2662
"2020-05-17",1.2682
"2020-05-18",1.2855
"2020-05-19",1.2952
"2020-05-20",1.2955
"2020-05-21",1.2959
"2020-05-22",1.2952
"2020-05-23",1.2914
"2020-05-24",1.2958
"2020-05-25",1.3208
"2020-05-26",1.3298
"2020-05-27",1.3331
"2020-05-28",1.3332
"2020-05-29",1.3325
"2020-05-30",1.3286
"2020-05-31",1.3290
"2020-06-01",1.3299
"2020-06-02",1.3267
"2020-06-03",1.3266
"2020-06-04",1.3266
"2020-06-05",1.3259
"2020-06-06",1.3221
"2020-06-07",1.3244
"2020-06-08",1.3360
"2020-06-09",1.3415
"2020-06-10",1.3416
"2020-06-11",1.3416
"2020-06-12",1.3412
"2020-06-13",1.3370
"2020-06-14",1.3379
"2020-06-15",1.3492
"2020-06-16",1.3539
"2020-06-17",1.3540
"2020-06-18",1.3542
"2020-06-19",1.3538
"2020-06-20",1.3501
"2020-06-21",1.3507
"2020-06-22",1.3647
"2020-06-23",1.3701
"2020-06-24",1.3703
"2020-06-25",1.3727
"2020-06-26",1.3720
"2020-06-27",1.3684
"2020-06-28",1.3688
"2020-06-29",1.3775
"2020-06-30",1.3822
"2020-07-01",1.3830
"2020-07-02",1.3830
"2020-07-03",1.3825
"2020-07-04",1.3785
"2020-07-05",1.3790
"2020-07-06",1.3848
"2020-07-07",1.3860
"2020-07-08",1.3936
"2020-07-09",1.3937
"2020-07-10",1.3931
"2020-07-11",1.3894
"2020-07-12",1.3899
"2020-07-13",1.4008
"2020-07-14",1.4044
"2020-07-15",1.4044
"2020-07-16",1.4045
"2020-07-17",1.4040
"2020-07-18",1.4003
"2020-07-19",1.4007
"2020-07-20",1.3995
"2020-07-21",1.3959
"2020-07-22",1.3957
"2020-07-23",1.3957
"2020-07-24",1.3951
"2020-07-25",1.3912
"2020-07-26",1.3917
"2020-07-27",1.3948
"2020-07-28",1.3948
"2020-07-29",1.3947
"2020-07-30",1.3946
"2020-07-31",1.3940
"2020-08-01",1.3901
"2020-08-02",1.3898
"2020-08-03",1.3906
"2020-08-04",1.3904
"2020-08-05",1.3903
"2020-08-06",1.3902
"2020-08-07",1.3902
"2020-08-08",1.3900
"2020-08-09",1.3899
"2020-08-10",1.3897
"2020-08-11",1.3897
"2020-08-12",1.3888
"2020-08-13",1.3878
"2020-08-14",1.3872
"2020-08-15",1.3831
"2020-08-16",1.3842
"2020-08-17",1.3914
"2020-08-18",1.3933
"2020-08-19",1.3933
"2020-08-20",1.3937
"2020-08-21",1.3931
"2020-08-22",1.3893
"2020-08-23",1.3898
"2020-08-24",1.3944
"2020-08-25",1.3946
"2020-08-26",1.3945
"2020-08-27",1.3945
"2020-08-28",1.3938
"2020-08-29",1.3900
"2020-08-30",1.3904
"2020-08-31",1.3988
"2020-09-01",1.4022
"2020-09-02",1.4030
"2020-09-03",1.4030
"2020-09-04",1.4022
"2020-09-05",1.3985
"2020-09-06",1.3997
"2020-09-07",1.3997
"2020-09-08",1.3957
"2020-09-09",1.3955
"2020-09-10",1.3954
"2020-09-11",1.3946
"2020-09-12",1.3908
"2020-09-13",1.3904
"2020-09-14",1.3884
"2020-09-15",1.3828
"2020-09-16",1.3821
"2020-09-17",1.3817
"2020-09-18",1.3801
"2020-09-19",1.3762
"2020-09-20",1.3766
"2020-09-21",1.3837
"2020-09-22",1.3848
"2020-09-23",1.3849
"2020-09-24",1.3847
"2020-09-25",1.3839
"2020-09-26",1.3782
"2020-09-27",1.3785
"2020-09-28",1.3823
"2020-09-29",1.3826
"2020-09-30",1.3824
"2020-10-01",1.3824
"2020-10-02",1.3818
"2020-10-03",1.3780
"2020-10-04",1.3783
"2020-10-05",1.3829
"2020-10-06",1.3846
"2020-10-07",1.3848
"2020-10-08",1.3850
"2020-10-09",1.3844
"2020-10-10",1.3806
"2020-10-11",1.3819
"2020-10-12",1.3913
"2020-10-13",1.3960
"2020-10-14",1.3960
"2020-10-15",1.3964
"2020-10-16",1.3955
"2020-10-17",1.3919
"2020-10-18",1.3922
"2020-10-19",1.3936
"2020-10-20",1.3908
"2020-10-21",1.3905
"2020-10-22",1.3905
"2020-10-23",1.3898
"2020-10-24",1.3861
"2020-10-25",1.3857
"2020-10-26",1.3858
"2020-10-27",1.3830
"2020-10-28",1.3827
"2020-10-29",1.3827
"2020-10-30",1.3813
"2020-10-31",1.3774
"2020-11-01",1.3776
"2020-11-02",1.3736
"2020-11-03",1.3677
"2020-11-04",1.3668
"2020-11-05",1.3657
"2020-11-06",1.3648
"2020-11-07",1.3609
"2020-11-08",1.3613
"2020-11-09",1.3646
"2020-11-10",1.3645
"2020-11-11",1.3643
"2020-11-12",1.3641
"2020-11-13",1.3629
"2020-11-14",1.3592
"2020-11-15",1.3619
"2020-11-16",1.3765
"2020-11-17",1.3812
"2020-11-18",1.3813
"2020-11-19",1.3813
"2020-11-20",1.3809
"2020-11-21",1.3772
"2020-11-22",1.3775
"2020-11-23",1.3803
"2020-11-24",1.3780
"2020-11-25",1.3780
"2020-11-26",1.3780
"2020-11-27",1.3772
"2020-11-28",1.3734
"2020-11-29",1.3755
"2020-11-30",1.3890
"2020-12-01",1.3913
"2020-12-02",1.3938
"2020-12-03",1.3942
"2020-12-04",1.3936
"2020-12-05",1.3898
"2020-12-06",1.3902
"2020-12-07",1.3937
"2020-12-08",1.3922
"2020-12-09",1.3919
"2020-12-10",1.3931
"2020-12-11",1.3925
"2020-12-12",1.3885
"2020-12-13",1.3898
"2020-12-14",1.3985
"2020-12-15",1.4021
"2020-12-16",1.4023
"2020-12-17",1.4022
"2020-12-18",1.4017
"2020-12-19",1.3973
"2020-12-20",1.3983
"2020-12-21",1.4048
"2020-12-22",1.4082
"2020-12-23",1.4083
"2020-12-24",1.4083
"2020-12-25",1.4077
"2020-12-26",1.4038
"2020-12-27",1.4042
"2020-12-28",1.4095
"2020-12-29",1.4100
"2020-12-30",1.4098
"2020-12-31",1.4098
"2021-01-01",1.4061
"2021-01-02",1.4028
"2021-01-03",1.4034
"2021-01-04",1.4151
"2021-01-05",1.4196
"2021-01-06",1.4201
"2021-01-07",1.4222
"2021-01-08",1.4217
"2021-01-09",1.4181
"2021-01-10",1.4194
"2021-01-11",1.4312
"2021-01-12",1.4356
"2021-01-13",1.4358
"2021-01-14",1.4360
"2021-01-15",1.4354
"2021-01-16",1.4321
"2021-01-17",1.4346
"2021-01-18",1.4504
"2021-01-19",1.4556
"2021-01-20",1.4562
"2021-01-21",1.4564
"2021-01-22",1.4558
"2021-01-23",1.4522
"2021-01-24",1.4526
"2021-01-25",1.4569
"2021-01-26",1.4573
"2021-01-27",1.4573
"2021-01-28",1.4576
"2021-01-29",1.4570
"2021-01-30",1.4535
"2021-01-31",1.4539
"2021-02-01",1.4629
"2021-02-02",1.4647
"2021-02-03",1.4654
"2021-02-04",1.4657
"2021-02-05",1.4652
"2021-02-06",1.4618
"2021-02-07",1.4622
"2021-02-08",1.4779
"2021-02-09",1.4846
"2021-02-10",1.4852
"2021-02-11",1.4853
"2021-02-12",1.4848
"2021-02-13",1.4812
"2021-02-14",1.4827
"2021-02-15",1.4915
"2021-02-16",1.4950
"2021-02-17",1.4953
"2021-02-18",1.4955
"2021-02-19",1.4949
"2021-02-20",1.4914
"2021-02-21",1.4937
"2021-02-22",1.5083
"2021-02-23",1.5124
"2021-02-24",1.5128
"2021-02-25",1.5131
"2021-02-26",1.5127
"2021-02-27",1.5092
"2021-02-28",1.5097
"2021-03-01",1.5269
"2021-03-02",1.5328
"2021-03-03",1.5353
"2021-03-04",1.5354
"2021-03-05",1.5349
"2021-03-06",1.5315
"2021-03-07",1.5330
"2021-03-08",1.5429
"2021-03-09",1.5494
"2021-03-10",1.5500
"2021-03-11",1.5504
"2021-03-12",1.5499
"2021-03-13",1.5464
"2021-03-14",1.5487
"2021-03-15",1.5595
"2021-03-16",1.5654
"2021-03-17",1.5657
"2021-03-18",1.5659
"2021-03-19",1.5658
"2021-03-20",1.5625
"2021-03-21",1.5628
"2021-03-22",1.5652
"2021-03-23",1.5636
"2021-03-24",1.5629
"2021-03-25",1.5657
"2021-03-26",1.5650
"2021-03-27",1.5615
"2021-03-28",1.5619
"2021-03-29",1.5634
"2021-03-30",1.5624
"2021-03-31",1.5619
"2021-04-01",1.5618
"2021-04-02",1.5612
"2021-04-03",1.5577
"2021-04-04",1.5601
"2021-04-05",1.5708
"2021-04-06",1.5758
"2021-04-07",1.5778
"2021-04-08",1.5779
"2021-04-09",1.5772
"2021-04-10",1.5737
"2021-04-11",1.5741
"2021-04-12",1.5739
"2021-04-13",1.5722
"2021-04-14",1.5714
"2021-04-15",1.5715
"2021-04-16",1.5709
"2021-04-17",1.5673
"2021-04-18",1.5677
"2021-04-19",1.5760
"2021-04-20",1.5804
"2021-04-21",1.5805
"2021-04-22",1.5806
"2021-04-23",1.5801
"2021-04-24",1.5765
"2021-04-25",1.5768
"2021-04-26",1.5805
"2021-04-27",1.5805
"2021-04-28",1.5816
"2021-04-29",1.5817
"2021-04-30",1.5811
"2021-05-01",1.5775
"2021-05-02",1.5778
"2021-05-03",1.5823
"2021-05-04",1.5839
"2021-05-05",1.5836
"2021-05-06",1.5836
"2021-05-07",1.5831
"2021-05-08",1.5795
"2021-05-09",1.5825
"2021-05-10",1.5997
"2021-05-11",1.6075
"2021-05-12",1.6078
"2021-05-13",1.6080
"2021-05-14",1.6075
"2021-05-15",1.6038
"2021-05-16",1.6038
"2021-05-17",1.6050
"2021-05-18",1.6006
"2021-05-19",1.6003
"2021-05-20",1.6003
"2021-05-21",1.5999
"2021-05-22",1.5962
"2021-05-23",1.5965
"2021-05-24",1.5976
"2021-05-25",1.5935
"2021-05-26",1.5931
"2021-05-27",1.5932
"2021-05-28",1.5926
"2021-05-29",1.5890
"2021-05-30",1.5894
"2021-05-31",1.5995
"2021-06-01",1.6071
"2021-06-02",1.6074
"2021-06-03",1.6083
"2021-06-04",1.6079
"2021-06-05",1.6042
"2021-06-06",1.6055
"2021-06-07",1.6143
"2021-06-08",1.6177
"2021-06-09",1.6181
"2021-06-10",1.6181
"2021-06-11",1.6177
"2021-06-12",1.6141
"2021-06-13",1.6144
"2021-06-14",1.6199
"2021-06-15",1.6226
"2021-06-16",1.6231
"2021-06-17",1.6238
"2021-06-18",1.6234
"2021-06-19",1.6194
"2021-06-20",1.6211
"2021-06-21",1.6308
"2021-06-22",1.6352
"2021-06-23",1.6352
"2021-06-24",1.6361
"2021-06-25",1.6358
"2021-06-26",1.6324
"2021-06-27",1.6339
"2021-06-28",1.6523
"2021-06-29",1.6586
"2021-06-30",1.6588
"2021-07-01",1.6590
"2021-07-02",1.6586
"2021-07-03",1.6549
"2021-07-04",1.6556
"2021-07-05",1.6651
"2021-07-06",1.6709
"2021-07-07",1.6710
"2021-07-08",1.6712
"2021-07-09",1.6708
"2021-07-10",1.6672
"2021-07-11",1.6675
"2021-07-12",1.6710
"2021-07-13",1.6715
"2021-07-14",1.6717
"2021-07-15",1.6719
"2021-07-16",1.6715
"2021-07-17",1.6680
"2021-07-18",1.6691
"2021-07-19",1.6763
"2021-07-20",1.6785
"2021-07-21",1.6789
"2021-07-22",1.6790
"2021-07-23",1.6785
"2021-07-24",1.6750
"2021-07-25",1.6737
"2021-07-26",1.6677
"2021-07-27",1.6624
"2021-07-28",1.6617
"2021-07-29",1.6617
"2021-07-30",1.6612
"2021-07-31",1.6576
"2021-08-01",1.6606
"2021-08-02",1.6769
"2021-08-03",1.6815
"2021-08-04",1.6822
"2021-08-05",1.6824
"2021-08-06",1.6818
"2021-08-07",1.6782
"2021-08-08",1.6779
"2021-08-09",1.6814
"2021-08-10",1.6805
"2021-08-11",1.6803
"2021-08-12",1.6803
"2021-08-13",1.6797
"2021-08-14",1.6761
"2021-08-15",1.6763
"2021-08-16",1.6773
"2021-08-17",1.6731
"2021-08-18",1.6728
"2021-08-19",1.6728
"2021-08-20",1.6722
"2021-08-21",1.6686
"2021-08-22",1.6676
"2021-08-23",1.6574
"2021-08-24",1.6511
"2021-08-25",1.6500
"2021-08-26",1.6498
"2021-08-27",1.6491
"2021-08-28",1.6453
"2021-08-29",1.6466
"2021-08-30",1.6593
"2021-08-31",1.6613
"2021-09-01",1.6613
"2021-09-02",1.6614
"2021-09-03",1.6609
"2021-09-04",1.6572
"2021-09-05",1.6583
"2021-09-06",1.6722
"2021-09-07",1.6758
"2021-09-08",1.6760
"2021-09-09",1.6762
"2021-09-10",1.6758
"2021-09-11",1.6722
"2021-09-12",1.6725
"2021-09-13",1.6748
"2021-09-14",1.6739
"2021-09-15",1.6737
"2021-09-16",1.6736
"2021-09-17",1.6731
"2021-09-18",1.6696
"2021-09-19",1.6698
"2021-09-20",1.6728
"2021-09-21",1.6725
"2021-09-22",1.6718
"2021-09-23",1.6719
"2021-09-24",1.6713
"2021-09-25",1.6678
"2021-09-26",1.6680
"2021-09-27",1.6704
"2021-09-28",1.6809
"2021-09-29",1.6797
"2021-09-30",1.6766
"2021-10-01",1.6761
"2021-10-02",1.6746
"2021-10-03",1.6758
"2021-10-04",1.6972
"2021-10-05",1.6990
"2021-10-06",1.6996
"2021-10-07",1.7008
"2021-10-08",1.7004
"2021-10-09",1.6968
"2021-10-10",1.6999
"2021-10-11",1.7097
"2021-10-12",1.7166
"2021-10-13",1.7258
"2021-10-14",1.7263
"2021-10-15",1.7253
"2021-10-16",1.7161
"2021-10-17",1.7166
"2021-10-18",1.7242
"2021-10-19",1.7233
"2021-10-20",1.7232
"2021-10-21",1.7232
"2021-10-22",1.7225
"2021-10-23",1.7206
"2021-10-24",1.7211
"2021-10-25",1.7229
"2021-10-26",1.7227
"2021-10-27",1.7228
"2021-10-28",1.7227
"2021-10-29",1.7220
"2021-10-30",1.7201
"2021-10-31",1.7220
"2021-11-01",1.7325
"2021-11-02",1.7377
"2021-11-03",1.7389
"2021-11-04",1.7389
"2021-11-05",1.7385
"2021-11-06",1.7367
"2021-11-07",1.7372
"2021-11-08",1.7374
"2021-11-09",1.7381
"2021-11-10",1.7380
"2021-11-11",1.7382
"2021-11-12",1.7375
"2021-11-13",1.7357
"2021-11-14",1.7360
"2021-11-15",1.7289
"2021-11-16",1.7272
"2021-11-17",1.7259
"2021-11-18",1.7256
"2021-11-19",1.7250
"2021-11-20",1.7233
"2021-11-21",1.7238
"2021-11-22",1.7180
"2021-11-23",1.7166
"2021-11-24",1.7142
"2021-11-25",1.7134
"2021-11-26",1.7128
"2021-11-27",1.7110
"2021-11-28",1.7095
"2021-11-29",1.6993
"2021-11-30",1.6889
"2021-12-01",1.6891
"2021-12-02",1.6889
"2021-12-03",1.6879
"2021-12-04",1.6862
"2021-12-05",1.6823
"2021-12-06",1.6594
"2021-12-07",1.6459
"2021-12-08",1.6446
"2021-12-09",1.6441
"2021-12-10",1.6434
"2021-12-11",1.6427
"2021-12-12",1.6448
"2021-12-13",1.6611
"2021-12-14",1.6630
"2021-12-15",1.6631
"2021-12-16",1.6633
"2021-12-17",1.6632
"2021-12-18",1.6627
"2021-12-19",1.6628
"2021-12-20",1.6637
"2021-12-21",1.6653
"2021-12-22",1.6656
"2021-12-23",1.6658
"2021-12-24",1.6655
"2021-12-25",1.6639
"2021-12-26",1.6637
"2021-12-27",1.6648
"2021-12-28",1.6644
"2021-12-29",1.6645
"2021-12-30",1.6644
"2021-12-31",1.6637
"2022-01-01",1.6619
"2022-01-02",1.6640
"2022-01-03",1.6929
"2022-01-04",1.6993
"2022-01-05",1.7043
"2022-01-06",1.7045
"2022-01-07",1.7039
"2022-01-08",1.7018
"2022-01-09",1.7026
"2022-01-10",1.7014
"2022-01-11",1.7014
"2022-01-12",1.7002
"2022-01-13",1.6992
"2022-01-14",1.6978
"2022-01-15",1.6949
"2022-01-16",1.6971
"2022-01-17",1.7050
"2022-01-18",1.7226
"2022-01-19",1.7228
"2022-01-20",1.7229
"2022-01-21",1.7224
"2022-01-22",1.7186
"2022-01-23",1.7208
"2022-01-24",1.7362
"2022-01-25",1.7428
"2022-01-26",1.7434
"2022-01-27",1.7436
"2022-01-28",1.7431
"2022-01-29",1.7393
"2022-01-30",1.7406
"2022-01-31",1.7575
"2022-02-01",1.7645
"2022-02-02",1.7648
"2022-02-03",1.7650
"2022-02-04",1.7645
"2022-02-05",1.7606
"2022-02-06",1.7627
"2022-02-07",1.7828
"2022-02-08",1.7867
"2022-02-09",1.7869
"2022-02-10",1.7872
"2022-02-11",1.7866
"2022-02-12",1.7828
"2022-02-13",1.7846
"2022-02-14",1.8009
"2022-02-15",1.8061
"2022-02-16",1.8063
"2022-02-17",1.8069
"2022-02-18",1.8064
"2022-02-19",1.8026
"2022-02-20",1.8039
"2022-02-21",1.8130
"2022-02-22",1.8156
"2022-02-23",1.8158
"2022-02-24",1.8160
"2022-02-25",1.8155
"2022-02-26",1.8117
"2022-02-27",1.8140
"2022-02-28",1.8320
"2022-03-01",1.8341
"2022-03-02",1.8353
"2022-03-03",1.8356
"2022-03-04",1.8353
"2022-03-05",1.8318
"2022-03-06",1.8381
"2022-03-07",1.9170
"2022-03-08",1.9358
"2022-03-09",1.9388
"2022-03-10",1.9395
"2022-03-11",1.9392
"2022-03-12",1.9359
"2022-03-13",1.9462
"2022-03-14",2.0279
"2022-03-15",2.0371
"2022-03-16",2.0371
"2022-03-17",2.0370
"2022-03-18",2.0366
"2022-03-19",2.0328
"2022-03-20",2.0236
"2022-03-21",1.9266
"2022-03-22",1.9194
"2022-03-23",1.9185
"2022-03-24",1.9185
"2022-03-25",1.9180
"2022-03-26",1.9143
"2022-03-27",1.9240
"2022-03-28",2.0267
"2022-03-29",2.0339
"2022-03-30",2.0376
"2022-03-31",2.0379
"2022-04-01",2.0373
"2022-04-02",2.0337
"2022-04-03",2.0311
"2022-04-04",1.9890
"2022-04-05",1.9838
"2022-04-06",1.9835
"2022-04-07",1.9832
"2022-04-08",1.9826
"2022-04-09",1.9787
"2022-04-10",1.9761
"2022-04-11",1.9484
"2022-04-12",1.9460
"2022-04-13",1.9453
"2022-04-14",1.9449
"2022-04-15",1.9442
"2022-04-16",1.9403
"2022-04-17",1.9407
"2022-04-18",1.9545
"2022-04-19",1.9574
"2022-04-20",1.9586
"2022-04-21",1.9588
"2022-04-22",1.9583
"2022-04-23",1.9544
"2022-04-24",1.9574
"2022-04-25",1.9749
"2022-04-26",1.9818
"2022-04-27",1.9828
"2022-04-28",1.9826
"2022-04-29",1.9821
"2022-04-30",1.9784
"2022-05-01",1.9645
"2022-05-02",1.8780
"2022-05-03",1.8708
"2022-05-04",1.8707
"2022-05-05",1.8707
"2022-05-06",1.8701
"2022-05-07",1.8661
"2022-05-08",1.8734
"2022-05-09",1.9145
"2022-05-10",1.9220
"2022-05-11",1.9225
"2022-05-12",1.9230
"2022-05-13",1.9224
"2022-05-14",1.9186
"2022-05-15",1.9197
"2022-05-16",1.9516
"2022-05-17",1.9599
"2022-05-18",1.9604
"2022-05-19",1.9609
"2022-05-20",1.9608
"2022-05-21",1.9570
"2022-05-22",1.9641
"2022-05-23",2.0158
"2022-05-24",2.0277
"2022-05-25",2.0283
"2022-05-26",2.0290
"2022-05-27",2.0287
"2022-05-28",2.0249
"2022-05-29",2.0265
"2022-05-30",2.0553
"2022-05-31",2.0573
"2022-06-01",2.0574
"2022-06-02",2.0577
"2022-06-03",2.0571
"2022-06-04",2.0532
"2022-06-05",2.0643
"2022-06-06",2.1712
"2022-06-07",2.1855
"2022-06-08",2.1877
"2022-06-09",2.1880
"2022-06-10",2.1879
"2022-06-11",2.1844
"2022-06-12",2.1828
"2022-06-13",2.1703
"2022-06-14",2.1691
"2022-06-15",2.1687
"2022-06-16",2.1688
"2022-06-17",2.1681
"2022-06-18",2.1642
"2022-06-19",2.1618
"2022-06-20",2.1213
"2022-06-21",2.1118
"2022-06-22",2.1118
"2022-06-23",2.1114
"2022-06-24",2.1106
"2022-06-25",2.1064
"2022-06-26",2.1058
"2022-06-27",2.1012
"2022-06-28",2.1008
"2022-06-29",2.1006
"2022-06-30",2.1005
"2022-07-01",2.0998
"2022-07-02",2.0960
"2022-07-03",2.0963
"2022-07-04",2.0838
"2022-07-05",2.0803
"2022-07-06",2.0728
"2022-07-07",2.0730
"2022-07-08",2.0723
"2022-07-09",2.0680
"2022-07-10",2.0709
"2022-07-11",2.0192
"2022-07-12",2.0146
"2022-07-13",2.0141
"2022-07-14",2.0085
"2022-07-15",2.0076
"2022-07-16",2.0037
"2022-07-17",2.0003
"2022-07-18",1.9550
"2022-07-19",1.9489
"2022-07-20",1.9604
"2022-07-21",1.9600
"2022-07-22",1.9593
"2022-07-23",1.9555
"2022-07-24",1.9527
"2022-07-25",1.8953
"2022-07-26",1.8884
"2022-07-27",1.8873
"2022-07-28",1.8874
"2022-07-29",1.8866
"2022-07-30",1.8824
"2022-07-31",1.8830
"2022-08-01",1.8888
"2022-08-02",1.8888
"2022-08-03",1.8890
"2022-08-04",1.8892
"2022-08-05",1.8879
"2022-08-06",1.8840
"2022-08-07",1.8777
"2022-08-08",1.8052
"2022-08-09",1.7957
"2022-08-10",1.7938
"2022-08-11",1.7936
"2022-08-12",1.7929
"2022-08-13",1.7890
"2022-08-14",1.7886
"2022-08-15",1.7865
"2022-08-16",1.7826
"2022-08-17",1.7809
"2022-08-18",1.7808
"2022-08-19",1.7805
"2022-08-20",1.7769
"2022-08-21",1.7752
"2022-08-22",1.7770
"2022-08-23",1.7760
"2022-08-24",1.7778
"2022-08-25",1.7778
"2022-08-26",1.7774
"2022-08-27",1.7735
"2022-08-28",1.7765
"2022-08-29",1.7807
"2022-08-30",1.7810
"2022-08-31",1.7802
"2022-09-01",1.7803
"2022-09-02",1.7798
"2022-09-03",1.7759
"2022-09-04",1.7714
"2022-09-05",1.7191
"2022-09-06",1.7125
"2022-09-07",1.7117
"2022-09-08",1.7116
"2022-09-09",1.7105
"2022-09-10",1.7067
"2022-09-11",1.7060
"2022-09-12",1.7034
"2022-09-13",1.7016
"2022-09-14",1.7013
"2022-09-15",1.7015
"2022-09-16",1.7013
"2022-09-17",1.6974
"2022-09-18",1.6977
"2022-09-19",1.6945
"2022-09-20",1.6933
"2022-09-21",1.6930
"2022-09-22",1.6929
"2022-09-23",1.6927
"2022-09-24",1.6887
"2022-09-25",1.6881
"2022-09-26",1.6879
"2022-09-27",1.6837
"2022-09-28",1.6831
"2022-09-29",1.6831
"2022-09-30",1.6827
"2022-10-01",1.6788
"2022-10-02",1.6808
"2022-10-03",1.7007
"2022-10-04",1.7445
"2022-10-05",1.7495
"2022-10-06",1.7488
"2022-10-07",1.7487
"2022-10-08",1.7450
"2022-10-09",1.7535
"2022-10-10",1.8251
"2022-10-11",1.8492
"2022-10-12",1.8507
"2022-10-13",1.8514
"2022-10-14",1.8508
"2022-10-15",1.8471
"2022-10-16",1.8509
"2022-10-17",1.8863
"2022-10-18",1.8890
"2022-10-19",1.8893
"2022-10-20",1.8894
"2022-10-21",1.8889
"2022-10-22",1.8850
"2022-10-23",1.8806
"2022-10-24",1.8348
"2022-10-25",1.8283
"2022-10-26",1.8276
"2022-10-27",1.8275
"2022-10-28",1.8268
"2022-10-29",1.8230
"2022-10-30",1.8223
"2022-10-31",1.8170
"2022-11-01",1.8157
"2022-11-02",1.8130
"2022-11-03",1.8124
"2022-11-04",1.8058
"2022-11-05",1.8014
"2022-11-06",1.8027
"2022-11-07",1.8228
"2022-11-08",1.8240
"2022-11-09",1.8240
"2022-11-10",1.8241
"2022-11-11",1.8236
"2022-11-12",1.8197
"2022-11-13",1.8164
"2022-11-14",1.7849
"2022-11-15",1.7810
"2022-11-16",1.7792
"2022-11-17",1.7792
"2022-11-18",1.7785
"2022-11-19",1.7747
"2022-11-20",1.7681
"2022-11-21",1.7032
"2022-11-22",1.6957
"2022-11-23",1.6947
"2022-11-24",1.6944
"2022-11-25",1.6942
"2022-11-26",1.6900
"2022-11-27",1.6867
"2022-11-28",1.6475
"2022-11-29",1.6428
"2022-11-30",1.6419
"2022-12-01",1.6419
"2022-12-02",1.6413
"2022-12-03",1.6375
"2022-12-04",1.6349
"2022-12-05",1.6521
"2022-12-06",1.6549
"2022-12-07",1.6551
"2022-12-08",1.6552
"2022-12-09",1.6600
"2022-12-10",1.6558
"2022-12-11",1.6500
"2022-12-12",1.5933
"2022-12-13",1.5868
"2022-12-14",1.5855
"2022-12-15",1.5856
"2022-12-16",1.5849
"2022-12-17",1.5810
"2022-12-18",1.5813
"2022-12-19",1.5815
"2022-12-20",1.5809
"2022-12-21",1.5807
"2022-12-22",1.5807
"2022-12-23",1.5802
"2022-12-24",1.5764
"2022-12-25",1.5785
"2022-12-26",1.6001
"2022-12-27",1.6065
"2022-12-28",1.6067
"2022-12-29",1.6068
"2022-12-30",1.6105
"2022-12-31",1.6063
"2023-01-01",1.6068
"2023-01-02",1.6697
"2023-01-03",1.6770
"2023-01-04",1.6784
"2023-01-05",1.6788
"2023-01-06",1.6781
"2023-01-07",1.6740
"2023-01-08",1.6724
"2023-01-09",1.6609
"2023-01-10",1.6588
"2023-01-11",1.6583
"2023-01-12",1.6587
"2023-01-13",1.6580
"2023-01-14",1.6539
"2023-01-15",1.6552
"2023-01-16",1.6724
"2023-01-17",1.6715
"2023-01-18",1.6709
"2023-01-19",1.6713
"2023-01-20",1.6711
"2023-01-21",1.6669
"2023-01-22",1.6708
"2023-01-23",1.7049
"2023-01-24",1.7104
"2023-01-25",1.7095
"2023-01-26",1.7102
"2023-01-27",1.7096
"2023-01-28",1.7054
"2023-01-29",1.7092
"2023-01-30",1.7391
"2023-01-31",1.7449
"2023-02-01",1.7450
"2023-02-02",1.7454
"2023-02-03",1.7449
"2023-02-04",1.7409
"2023-02-05",1.7383
"2023-02-06",1.6893
"2023-02-07",1.6769
"2023-02-08",1.6758
"2023-02-09",1.6760
"2023-02-10",1.6753
"2023-02-11",1.6711
"2023-02-12",1.6713
"2023-02-13",1.6683
"2023-02-14",1.6658
"2023-02-15",1.6651
"2023-02-16",1.6656
"2023-02-17",1.6648
"2023-02-18",1.6606
"2023-02-19",1.6627
"2023-02-20",1.6733
"2023-02-21",1.6738
"2023-02-22",1.6739
"2023-02-23",1.6742
"2023-02-24",1.6737
"2023-02-25",1.6695
"2023-02-26",1.6698
"2023-02-27",1.6678
"2023-02-28",1.6658
"2023-03-01",1.6650
"2023-03-02",1.6655
"2023-03-03",1.6648
"2023-03-04",1.6607
"2023-03-05",1.6620
"2023-03-06",1.6829
"2023-03-07",1.6852
"2023-03-08",1.6841
"2023-03-09",1.6846
"2023-03-10",1.6840
"2023-03-11",1.6799
"2023-03-12",1.6799
"2023-03-13",1.6877
"2023-03-14",1.6894
"2023-03-15",1.6890
"2023-03-16",1.6892
"2023-03-17",1.6887
"2023-03-18",1.6846
"2023-03-19",1.6823
"2023-03-20",1.6568
"2023-03-21",1.6533
"2023-03-22",1.6528
"2023-03-23",1.6531
"2023-03-24",1.6525
"2023-03-25",1.6486
"2023-03-26",1.6505
"2023-03-27",1.6674
"2023-03-28",1.6689
"2023-03-29",1.6686
"2023-03-30",1.6691
"2023-03-31",1.6685
"2023-04-01",1.6644
"2023-04-03",1.6931
"2023-04-04",1.6973
"2023-04-05",1.6971
"2023-04-06",1.6975
"2023-04-07",1.6969
"2023-04-08",1.6932
"2023-04-09",1.6936
"2023-04-10",1.7071
"2023-04-11",1.7076
"2023-04-12",1.7079
"2023-04-13",1.7085
"2023-04-14",1.7079
"2023-04-15",1.7037
"2023-04-16",1.7043
"2023-04-17",1.7135
"2023-04-18",1.7124
"2023-04-19",1.7120
"2023-04-20",1.7126
"2023-04-21",1.7120
"2023-04-22",1.7082
"2023-04-23",1.7044
"2023-04-24",1.6733
"2023-04-25",1.6656
"2023-04-26",1.6641
"2023-04-27",1.6640
"2023-04-28",1.6632
"2023-04-29",1.6590
"2023-04-30",1.6576
"2023-05-01",1.6587
"2023-05-02",1.6555
"2023-05-03",1.6551
"2023-05-04",1.6567
"2023-05-05",1.6578
"2023-05-06",1.6537
"2023-05-07",1.6503
"2023-05-08",1.6134
"2023-05-09",1.6088
"2023-05-10",1.6081
"2023-05-11",1.6080
"2023-05-12",1.6072
"2023-05-13",1.6029
"2023-05-14",1.6059
"2023-05-15",1.6373
"2023-04-02",1.6680
"2023-05-16",1.6409
"2023-05-17",1.6410
"2023-05-18",1.6414
"2023-05-19",1.6409
"2023-05-20",1.6368
"2023-05-21",1.6380
"2023-05-22",1.6536
"2023-05-23",1.6570
"2023-05-24",1.6566
"2023-05-25",1.6570
"2023-05-26",1.6563
"2023-05-27",1.6523
"2023-05-28",1.6553
"2023-05-29",1.6784
"2023-05-30",1.6834
"2023-05-31",1.6835
"2023-06-01",1.6840
"2023-06-02",1.6831
"2023-06-03",1.6791
"2023-06-04",1.6776
"2023-06-05",1.6637
"2023-06-06",1.6750
"2023-06-07",1.6801
"2023-06-08",1.6812
"2023-06-09",1.6810
"2023-06-10",1.6771
"2023-06-11",1.6792
"2023-06-12",1.7015
"2023-06-13",1.7020
"2023-06-14",1.7019
"2023-06-15",1.7025
"2023-06-16",1.7020
"2023-06-17",1.6981
"2023-06-18",1.6967
"2023-06-19",1.6847
"2023-06-20",1.6829
"2023-06-21",1.6826
"2023-06-22",1.6826
"2023-06-23",1.6819
"2023-06-24",1.6779
"2023-06-25",1.6781
"2023-06-26",1.6716
"2023-06-27",1.6704
"2023-06-28",1.6696
"2023-06-29",1.6699
"2023-06-30",1.6696
"2023-07-01",1.6657
"2023-07-02",1.6643
"2023-07-03",1.6479
"2023-07-04",1.6569
"2023-07-05",1.6632
"2023-07-06",1.6644
"2023-07-07",1.6641
"2023-07-08",1.6601
"2023-07-09",1.6623
"2023-07-10",1.6813
"2023-07-11",1.6845
"2023-07-12",1.6847
"2023-07-13",1.6850
"2023-07-14",1.6846
"2023-07-15",1.6806
"2023-07-16",1.6817
"2023-07-17",1.6968
"2023-07-18",1.6991
"2023-07-19",1.6988
"2023-07-20",1.6992
"2023-07-21",1.6986
"2023-07-22",1.6948
"2023-07-23",1.6961
"2023-07-24",1.7191
"2023-07-25",1.7221
"2023-07-26",1.7221
"2023-07-27",1.7228
"2023-07-28",1.7225
"2023-07-29",1.7322
"2023-07-30",1.7408
"2023-07-31",1.8091
"2023-08-01",1.8168
"2023-08-02",1.8172
"2023-08-03",1.8177
"2023-08-04",1.8171
"2023-08-05",1.8133
"2023-08-06",1.8145
"2023-08-07",1.8229
"2023-08-08",1.8235
"2023-08-09",1.8232
"2023-08-10",1.8234
"2023-08-11",1.8228
"2023-08-12",1.8188
"2023-08-13",1.8192
"2023-08-14",1.8270
"2023-08-15",1.8274
"2023-08-16",1.8276
"2023-08-17",1.8280
"2023-08-18",1.8271
"2023-08-19",1.8232
"2023-08-20",1.8262
"2023-08-21",1.8545
"2023-08-22",1.8568
"2023-08-23",1.8567
"2023-08-24",1.8572
"2023-08-25",1.8567
"2023-08-26",1.8530
"2023-08-27",1.8544
"2023-08-28",1.8720
"2023-08-29",1.8743
"2023-08-30",1.8739
"2023-08-31",1.8739
"2023-09-01",1.8736
"2023-09-02",1.8697
"2023-09-03",1.8700
"2023-09-04",1.8716
"2023-09-05",1.8706
"2023-09-06",1.8703
"2023-09-07",1.8705
"2023-09-08",1.8698
"2023-09-09",1.8658
"2023-09-10",1.8645
"2023-09-11",1.8587
"2023-09-12",1.8562
"2023-09-13",1.8557
"2023-09-14",1.8558
"2023-09-15",1.8551
"2023-09-16",1.8510
"2023-09-17",1.8515
"2023-09-18",1.8567
"2023-09-19",1.8588
"2023-09-20",1.8586
"2023-09-21",1.8589
"2023-09-22",1.8584
"2023-09-23",1.8543
"2023-09-24",1.8547
"2023-09-25",1.8650
"2023-09-26",1.8578
"2023-09-27",1.8553
"2023-09-28",1.8556
"2023-09-29",1.8549
"2023-09-30",1.8508
"2023-10-01",1.8520
"2023-10-02",1.8528
"2023-10-03",1.8524
"2023-10-04",1.8517
"2023-10-05",1.8520
"2023-10-06",1.8524
"2023-10-07",1.8545
"2023-10-08",1.8467
"2023-10-09",1.7979
"2023-10-10",1.7847
"2023-10-11",1.7841
"2023-10-12",1.7835
"2023-10-13",1.7826
"2023-10-14",1.7785
"2023-10-15",1.7762
"2023-10-16",1.7599
"2023-10-17",1.7543
"2023-10-18",1.7538
"2023-10-19",1.7539
"2023-10-20",1.7532
"2023-10-21",1.7491
"2023-10-22",1.7513
"2023-10-23",1.7740
"2023-10-24",1.7751
"2023-10-25",1.7750
"2023-10-26",1.7754
"2023-10-27",1.7749
"2023-10-28",1.7708
"2023-10-29",1.7703
"2023-10-30",1.7683
"2023-10-31",1.7670
"2023-11-01",1.7665
"2023-11-02",1.7664
"2023-11-03",1.7657
"2023-11-04",1.7617
"2023-11-05",1.7621
"2023-11-06",1.7642
"2023-11-07",1.7652
"2023-11-08",1.7648
"2023-11-09",1.7656
"2023-11-10",1.7645
"2023-11-11",1.7606
"2023-11-12",1.7590
"2023-11-13",1.7392
"2023-11-14",1.7361
"2023-11-15",1.7355
"2023-11-16",1.7357
"2023-11-17",1.7350
"2023-11-18",1.7310
"2023-11-19",1.7285
"2023-11-20",1.7027
"2023-11-21",1.6951
"2023-11-22",1.6940
"2023-11-23",1.6943
"2023-11-24",1.6932
"2023-11-25",1.6892
"2023-11-26",1.6885
"2023-11-27",1.6801
"2023-11-28",1.6759
"2023-11-29",1.6753
"2023-11-30",1.6757
"2023-12-01",1.6752
"2023-12-02",1.6711
"2023-12-03",1.6712
"2023-12-04",1.6671
"2023-12-05",1.6654
"2023-12-06",1.6646
"2023-12-07",1.6646
"2023-12-08",1.6640
"2023-12-09",1.6600
"2023-12-10",1.6583
"2023-12-11",1.6422
"2023-12-12",1.6400
"2023-12-13",1.6392
"2023-12-14",1.6394
"2023-12-15",1.6386
"2023-12-16",1.6337
"2023-12-17",1.6334
"2023-12-18",1.6280
"2023-12-19",1.6267
"2023-12-20",1.6261
"2023-12-21",1.6265
"2023-12-22",1.6259
"2023-12-23",1.6217
"2023-12-24",1.6223
"2023-12-25",1.6405
"2023-12-26",1.6451
"2023-12-27",1.6462
"2023-12-28",1.6464
"2023-12-29",1.6459
"2023-12-30",1.6416
"2023-12-31",1.6416
"2024-01-01",1.6434
"2024-01-02",1.6425
"2024-01-03",1.6416
"2024-01-04",1.6413
"2024-01-05",1.6407
"2024-01-06",1.6365
"2024-01-07",1.6371
"2024-01-08",1.6440
"2024-01-09",1.6447
"2024-01-10",1.6443
"2024-01-11",1.6446
"2024-01-12",1.6447
"2024-01-13",1.6411
"2024-01-14",1.6422
"2024-01-15",1.6453
"2024-01-16",1.6447
"2024-01-17",1.6443
"2024-01-18",1.6451
"2024-01-19",1.6444
"2024-01-20",1.6436
"2024-01-21",1.6421
"2024-01-22",1.6632
"2024-01-23",1.6642
"2024-01-24",1.6639
"2024-01-25",1.6644
"2024-01-26",1.6638
"2024-01-27",1.6596
"2024-01-28",1.6628
"2024-01-29",1.6858
"2024-01-30",1.6873
"2024-01-31",1.6873
"2024-02-01",1.6878
"2024-02-02",1.6870
"2024-02-03",1.6828
"2024-02-04",1.6849
"2024-02-05",1.6957
"2024-02-06",1.6968
"2024-02-07",1.6965
"2024-02-08",1.6968
"2024-02-09",1.6962
"2024-02-10",1.6920
"2024-02-11",1.6933
"2024-02-12",1.7064
"2024-02-13",1.7071
"2024-02-14",1.7071
"2024-02-15",1.7074
"2024-02-16",1.7068
"2024-02-17",1.7026
"2024-02-18",1.7057
"2024-02-19",1.7331
"2024-02-20",1.7372
"2024-02-21",1.7372
"2024-02-22",1.7376
"2024-02-23",1.7370
"2024-02-24",1.7327
"2024-02-25",1.7322
"2024-02-26",1.7271
"2024-02-27",1.7265
"2024-02-28",1.7260
"2024-02-29",1.7259
"2024-03-01",1.7250
"2024-03-02",1.7207
"2024-03-03",1.7211
"2024-03-04",1.7340
"2024-03-05",1.7350